{"cameraMode":{"drawMode":0,"name":"Shaded","section":"Shading Mode"},"sceneLighting":true,"audioPlay":false,"sceneViewState":{"showFog":true,"showMaterialUpdate":false,"showSkybox":true,"showFlares":true,"showImageEffects":true,"showParticleSystems":true},"in2DMode":false,"pivot":{"x":-38.25865173339844,"y":3.095287561416626,"z":7.902985095977783},"rotation":{"x":-0.12376219034194946,"y":0.45516538619995119,"z":-0.06405305117368698,"w":-0.8794419765472412},"size":98.81449890136719,"orthographic":false}